{"cameraMode":{"drawMode":0,"name":"Shaded","section":"Shading Mode"},"sceneLighting":true,"audioPlay":false,"sceneViewState":{"m_AlwaysRefresh":false,"showFog":true,"showSkybox":true,"showFlares":true,"showImageEffects":true,"showParticleSystems":true,"showVisualEffectGraphs":true,"m_FxEnabled":true},"in2DMode":false,"pivot":{"x":0.21565794944763184,"y":0.5726315975189209,"z":-0.28199100494384768},"rotation":{"x":0.07434862107038498,"y":0.8471201658248901,"z":-0.12310037761926651,"w":0.5115948915481567},"size":3.945160388946533,"orthographic":false}